<?xml version="1.0" encoding="UTF-8"?>
<fonts>

    <fontset id="Default" unicode="false">
        <include>Font_Default</include>
    </fontset>

    <fontset id="Hebrew (Rubik)" unicode="true">
        <include content="Font_Default">
            <param name="font_bold">Rubik-Bold.ttf</param>
            <param name="font_regular">Rubik-Regular.ttf</param>
            <param name="font_light">Rubik-Light.ttf</param>
            <param name="style_light"></param>

            <param name="plot_linespacing_head">1.03</param>
            <param name="plot_linespacing_midi">1.45</param>
            <param name="plot_linespacing_main">1.13</param>
            <param name="plot_linespacing_mini">1.20</param>
            <param name="plot_linespacing_tiny">1.11</param>
        </include>
    </fontset>

    <fontset id="Hebrew (Noto)" unicode="true">
        <include content="Font_Default">
            <param name="font_bold">NotoSansHebrew-Bold.ttf</param>
            <param name="font_regular">NotoSansHebrew-Regular.ttf</param>
            <param name="font_light">NotoSansHebrew-Light.ttf</param>
            <param name="style_light"></param>

            <param name="plot_linespacing_head">1.03</param>
            <param name="plot_linespacing_midi">1.45</param>
            <param name="plot_linespacing_main">1.13</param>
            <param name="plot_linespacing_mini">1.20</param>
            <param name="plot_linespacing_tiny">1.11</param>
        </include>
    </fontset>
</fonts>