<?xml version="1.0" encoding="UTF-8"?>
<includes>

    <!--
    =====================================================

    Typographic Scale is Pentatonic
    n=5 r=2 f0=30

    quantise plotbox linespacing to 40px grid

    =====================================================
     (2)    (4)    (5)     1      2      3      4      5
     17  >  23  >  26  >  30  >  34  >  40  >  45  >  52
    hint   tiny   mini   main   midi   head   huge   info
    =====================================================
-->

    <include name="Font_Static">
        <param name="aspect_system">0.8</param>
        <definition>

            <!-- Font for codec flag -->
            <font>
                <name>font_infotag_bold</name>
                <filename>LeagueSpartan-ExtraBold.ttf</filename>
                <size>24</size>
                <style>uppercase</style>
            </font>

            <!-- Keyboard Symbol Font -->
            <font>
                <name>font_midi_iconic</name>
                <filename>fa-solid-900.ttf</filename>
                <size>34</size>
            </font>
            <font>
                <name>font_main_iconic</name>
                <filename>fa-solid-900.ttf</filename>
                <size>30</size>
            </font>
            <font>
                <name>font_mini_iconic</name>
                <filename>fa-solid-900.ttf</filename>
                <size>26</size>
            </font>
            <font>
                <name>font_tiny_iconic</name>
                <filename>fa-solid-900.ttf</filename>
                <size>22</size>
            </font>
            <font>
                <name>font_hint_iconic</name>
                <filename>fa-solid-900.ttf</filename>
                <size>16</size>
            </font>
            <font>
                <name>font_itsy_iconic</name>
                <filename>fa-solid-900.ttf</filename>
                <size>12</size>
            </font>

            <!-- Kodi Logo Font -->
            <font>
                <name>font_logo</name>
                <filename>Questrial-Regular.ttf</filename>
                <size>24</size>
            </font>
            <font>
                <name>font_logo_large</name>
                <filename>Questrial-Regular.ttf</filename>
                <size>44</size>
            </font>

            <!-- Testing Fonts -->
            <font>
                <name>font_debug</name>
                <filename>CommitMono-400-Regular.ttf</filename>
                <size>22</size>
                <aspect>$PARAM[aspect_system]</aspect>
            </font>

            <!-- Music visualisation scrolling text -->
            <font>
                <name>font_musicvis_biggest</name>
                <filename>$PARAM[font_light]</filename>
                <style>$PARAM[style_light]</style>
                <size>230</size>
            </font>
            <font>
                <name>font_musicvis_bigger</name>
                <filename>$PARAM[font_light]</filename>
                <style>$PARAM[style_light]</style>
                <size>130</size>
            </font>
            <font>
                <name>font_musicvis_big</name>
                <filename>$PARAM[font_light]</filename>
                <style>$PARAM[style_light]</style>
                <size>80</size>
            </font>
        </definition>
    </include>

    <include name="Font_Default">
        <param name="font_bold">Rubik-VariableFont_wght.ttf</param>
        <param name="font_regular">Rubik-VariableFont_wght.ttf</param>
        <param name="font_light">Rubik-VariableFont_wght.ttf</param>
        <param name="style_light"></param>
        <param name="size_hint">15</param>
        <param name="size_tiny">21</param>
        <param name="size_mini">24</param>
        <param name="size_main">28</param>
        <param name="size_midi">32</param>
        <param name="size_head">38</param>
        <param name="size_huge">43</param>
        <param name="size_main_x2">56</param>
        <param name="size_huge_x2">86</param>
        <param name="size_midi_x2">64</param>

        <!-- Linespacing -->
        <param name="plot_linespacing_head">1.169</param>
        <param name="plot_linespacing_midi">1.455</param>
        <param name="plot_linespacing_main">1.16</param>
        <param name="plot_linespacing_mini">1.31</param>
        <param name="plot_linespacing_tiny">1.23</param>

        <definition>

            <include content="Font_Static">
                <param name="font_bold">$PARAM[font_bold]</param>
                <param name="font_regular">$PARAM[font_regular]</param>
                <param name="font_light">$PARAM[font_light]</param>
                <param name="style_light">$PARAM[style_light]</param>
            </include>

            <!-- Title fonts -->
            <font>
                <name>font_title_huge</name>
                <filename>$PARAM[font_bold]</filename>
                <size>$PARAM[size_huge_x2]</size>
            </font>
            <font>
                <name>font_title_midi</name>
                <filename>$PARAM[font_bold]</filename>
                <size>$PARAM[size_midi_x2]</size>
            </font>
            <font>
                <name>font_title_main</name>
                <filename>$PARAM[font_bold]</filename>
                <size>$PARAM[size_main_x2]</size>
                <linespacing>$PARAM[plot_linespacing_head]</linespacing>
            </font>

            <!-- Bold Fonts -->
            <font>
                <name>font_huge_bold</name>
                <filename>$PARAM[font_bold]</filename>
                <size>$PARAM[size_huge]</size>
            </font>
            <font>
                <name>font_head_bold</name>
                <filename>$PARAM[font_bold]</filename>
                <size>$PARAM[size_head]</size>
            </font>
            <font>
                <name>font_midi_bold</name>
                <filename>$PARAM[font_bold]</filename>
                <size>$PARAM[size_midi]</size>
            </font>
            <font>
                <name>font_main_bold</name>
                <filename>$PARAM[font_bold]</filename>
                <size>$PARAM[size_main]</size>
            </font>
            <font>
                <name>font_mini_bold</name>
                <filename>$PARAM[font_bold]</filename>
                <size>$PARAM[size_mini]</size>
            </font>
            <font>
                <name>font_tiny_bold</name>
                <filename>$PARAM[font_bold]</filename>
                <size>$PARAM[size_tiny]</size>
            </font>
            <font>
                <name>font_hint_bold</name>
                <filename>$PARAM[font_bold]</filename>
                <style>uppercase</style>
                <size>$PARAM[size_hint]</size>
            </font>

            <!-- Standard Fonts -->
            <font>
                <name>font_huge</name>
                <filename>$PARAM[font_regular]</filename>
                <size>$PARAM[size_huge]</size>
            </font>
            <font>
                <name>font_head</name>
                <filename>$PARAM[font_regular]</filename>
                <size>$PARAM[size_head]</size>
            </font>
            <font>
                <name>font_midi</name>
                <filename>$PARAM[font_regular]</filename>
                <size>$PARAM[size_midi]</size>
            </font>
            <font>
                <name>font_main</name>
                <filename>$PARAM[font_regular]</filename>
                <size>$PARAM[size_main]</size>
            </font>
            <font>
                <name>font_mini</name>
                <filename>$PARAM[font_regular]</filename>
                <size>$PARAM[size_mini]</size>
            </font>
            <font>
                <name>font_tiny</name>
                <filename>$PARAM[font_regular]</filename>
                <size>$PARAM[size_tiny]</size>
            </font>
            <font>
                <name>font_hint</name>
                <filename>$PARAM[font_regular]</filename>
                <size>$PARAM[size_hint]</size>
            </font>

            <!-- Textbox Fonts -->
            <font>
                <name>font_midi_plot</name>
                <filename>$PARAM[font_regular]</filename>
                <linespacing>$PARAM[plot_linespacing_midi]</linespacing>
                <size>$PARAM[size_midi]</size>
            </font>
            <font>
                <name>font_main_plot</name>
                <filename>$PARAM[font_regular]</filename>
                <linespacing>$PARAM[plot_linespacing_main]</linespacing>
                <size>$PARAM[size_main]</size>
            </font>
            <font>
                <name>font_mini_plot</name>
                <filename>$PARAM[font_regular]</filename>
                <linespacing>$PARAM[plot_linespacing_mini]</linespacing>
                <size>$PARAM[size_mini]</size>
            </font>
            <font>
                <name>font_tiny_plot</name>
                <filename>$PARAM[font_regular]</filename>
                <linespacing>$PARAM[plot_linespacing_tiny]</linespacing>
                <size>$PARAM[size_tiny]</size>
            </font>

            <!-- Required for system -->
            <font>
                <name>font10</name>
                <filename>$PARAM[font_regular]</filename>
                <size>$PARAM[size_tiny]</size>
            </font>
            <font>
                <name>font12</name>
                <filename>$PARAM[font_regular]</filename>
                <size>$PARAM[size_mini]</size>
            </font>
            <font>
                <name>font13</name>
                <filename>$PARAM[font_regular]</filename>
                <size>$PARAM[size_main]</size>
            </font>
            <font>
                <name>font14</name>
                <filename>$PARAM[font_regular]</filename>
                <size>$PARAM[size_midi]</size>
            </font>
            <font>
                <name>font45</name>
                <filename>$PARAM[font_regular]</filename>
                <size>$PARAM[size_huge]</size>
            </font>
            <font>
                <name>font60</name>
                <filename>$PARAM[font_regular]</filename>
                <size>$PARAM[size_main_x2]</size>
            </font>
        </definition>
    </include>

</includes>
